{"cameraMode":{"drawMode":0,"name":"Shaded","section":"Shading Mode"},"sceneLighting":true,"audioPlay":false,"sceneViewState":{"m_AlwaysRefresh":false,"showFog":true,"showSkybox":true,"showFlares":true,"showImageEffects":true,"showParticleSystems":true,"showVisualEffectGraphs":true,"m_FxEnabled":true},"in2DMode":false,"pivot":{"x":474.8335266113281,"y":184.73927307128907,"z":352.8206787109375},"rotation":{"x":-0.15421828627586366,"y":0.12002038210630417,"z":-0.018875636160373689,"w":-0.9805430173873901},"size":4.828200817108154,"orthographic":false}