{"cameraMode":{"drawMode":0,"name":"Shaded","section":"Shading Mode"},"sceneLighting":true,"audioPlay":false,"sceneViewState":{"m_AlwaysRefresh":false,"showFog":true,"showSkybox":true,"showFlares":true,"showImageEffects":true,"showParticleSystems":true,"showVisualEffectGraphs":true,"m_FxEnabled":true},"in2DMode":false,"pivot":{"x":323.85455322265627,"y":12.638837814331055,"z":376.15118408203127},"rotation":{"x":0.0869942456483841,"y":-0.2624754011631012,"z":0.023784464225172998,"w":0.9607502818107605},"size":41.83964538574219,"orthographic":false}