{"cameraMode":{"drawMode":0,"name":"Shaded","section":"Shading Mode"},"sceneLighting":true,"audioPlay":false,"sceneViewState":{"m_AlwaysRefresh":false,"showFog":true,"showSkybox":true,"showFlares":true,"showImageEffects":true,"showParticleSystems":true,"showVisualEffectGraphs":true,"m_FxEnabled":true},"in2DMode":false,"pivot":{"x":496.1164855957031,"y":198.1382293701172,"z":222.44554138183595},"rotation":{"x":0.02635211870074272,"y":-0.9650722742080689,"z":0.23770466446876527,"w":0.10698698461055756},"size":0.8660253882408142,"orthographic":false}