{"cameraMode":{"drawMode":0,"name":"Shaded","section":"Shading Mode"},"sceneLighting":true,"audioPlay":false,"sceneViewState":{"m_AlwaysRefresh":false,"showFog":true,"showSkybox":true,"showFlares":true,"showImageEffects":true,"showParticleSystems":true,"showVisualEffectGraphs":true,"m_FxEnabled":true},"in2DMode":false,"pivot":{"x":347.30145263671877,"y":9.32894515991211,"z":217.2340087890625},"rotation":{"x":0.010376837104558945,"y":-0.9743064641952515,"z":0.22023610770702363,"w":0.045928265899419788},"size":249.44532775878907,"orthographic":false}