{"cameraMode":{"drawMode":0,"name":"Shaded","section":"Shading Mode"},"sceneLighting":true,"audioPlay":false,"sceneViewState":{"m_AlwaysRefresh":false,"showFog":true,"showSkybox":true,"showFlares":true,"showImageEffects":true,"showParticleSystems":true,"showVisualEffectGraphs":true,"m_FxEnabled":true},"in2DMode":false,"pivot":{"x":363.5043029785156,"y":86.72152709960938,"z":423.4969787597656},"rotation":{"x":0.13427528738975526,"y":-0.18119528889656068,"z":0.024097641929984094,"w":0.9742271304130554},"size":35.37480163574219,"orthographic":false}