{"cameraMode":{"drawMode":0,"name":"Shaded","section":"Shading Mode"},"sceneLighting":true,"audioPlay":false,"sceneViewState":{"m_AlwaysRefresh":false,"showFog":true,"showSkybox":true,"showFlares":true,"showImageEffects":true,"showParticleSystems":true,"showVisualEffectGraphs":true,"m_FxEnabled":true},"in2DMode":false,"pivot":{"x":436.32000732421877,"y":199.58445739746095,"z":608.5460815429688},"rotation":{"x":-0.061546292155981067,"y":-0.44950971007347109,"z":0.031074708327651025,"w":-0.8906331658363342},"size":20.426267623901368,"orthographic":false}