{"cameraMode":{"drawMode":0,"name":"Shaded","section":"Shading Mode"},"sceneLighting":false,"audioPlay":false,"sceneViewState":{"m_AlwaysRefresh":false,"showFog":true,"showSkybox":false,"showFlares":true,"showImageEffects":true,"showParticleSystems":true,"showVisualEffectGraphs":true,"m_FxEnabled":true},"in2DMode":false,"pivot":{"x":386.4237976074219,"y":108.23918151855469,"z":426.3735656738281},"rotation":{"x":-0.15912126004695893,"y":0.40874090790748598,"z":-0.07261034846305847,"w":-0.8957337141036987},"size":53.778648376464847,"orthographic":false}