{"cameraMode":{"drawMode":0,"name":"Shaded","section":"Shading Mode"},"sceneLighting":false,"audioPlay":false,"sceneViewState":{"m_AlwaysRefresh":false,"showFog":true,"showSkybox":false,"showFlares":true,"showImageEffects":true,"showParticleSystems":true,"showVisualEffectGraphs":true,"m_FxEnabled":true},"in2DMode":false,"pivot":{"x":397.4761657714844,"y":113.73226165771485,"z":433.13604736328127},"rotation":{"x":-0.00013909714471083134,"y":-0.4515654444694519,"z":0.00040195617475546896,"w":-0.8925145864486694},"size":30.699338912963868,"orthographic":false}