{"cameraMode":{"drawMode":0,"name":"Shaded","section":"Shading Mode"},"sceneLighting":true,"audioPlay":false,"sceneViewState":{"m_AlwaysRefresh":false,"showFog":true,"showSkybox":true,"showFlares":true,"showImageEffects":true,"showParticleSystems":true,"showVisualEffectGraphs":true,"m_FxEnabled":true},"in2DMode":false,"pivot":{"x":520.9000244140625,"y":188.72055053710938,"z":751.2000122070313},"rotation":{"x":0.06670143455266953,"y":0.8789623379707336,"z":-0.12907928228378297,"w":0.4542352557182312},"size":221.18704223632813,"orthographic":false}