{"cameraMode":{"drawMode":0,"name":"Shaded","section":"Shading Mode"},"sceneLighting":true,"audioPlay":false,"sceneViewState":{"m_AlwaysRefresh":false,"showFog":true,"showSkybox":true,"showFlares":true,"showImageEffects":true,"showParticleSystems":true,"showVisualEffectGraphs":true,"m_FxEnabled":true},"in2DMode":false,"pivot":{"x":316.8335266113281,"y":178.6392822265625,"z":331.8206787109375},"rotation":{"x":0.006085211876779795,"y":0.9911971688270569,"z":-0.049104318022727969,"w":0.12283450365066529},"size":6.628201961517334,"orthographic":false}